Workbook

Sheet Hidalgo 2010
A1: Hidalgo: nacimientos por grupos quinquenales de edad de la madre, 2010
A3: Edad | B3: Hidalgo 2010 | C3: Población 30/06/2010
A4: 15-19 | B4: 136155.68 | C4: 136150.81
A5: 20-24 | B5: 120927.62 | C5: 120933.49
A6: 25-29 | B6: 110097.36 | C6: 110160.05
A7: 30-34 | B7: 107612.26 | C7: 107680.47
A8: 35-39 | B8: 103448.24 | C8: 103526.31
A9: 40-44 | B9: 87329.333 | C9: 87447.524
A10: 45-49 | B10: 75065.053 | C10: 75189.752
A11: Total | B11: =SUM(B4:B10) -> 740635.54 | C11: =SUM(C4:C10) -> 741088.4
A12: Fuente: Elaborado sobre la base de estadísticas vitales

Sheet Hidalgo 2019
A1: Hidalgo: nacimientos por grupos quinquenales de edad de la madre, 2010
A3: Edad | B3: Hidalgo 2019 | C3: Población 30/06/2019
A4: 15-19 | C4: 135284.5
A5: 20-24 | C5: 121986.16
A6: 25-29 | C6: 121932.68
A7: 30-34 | C7: 120566.42
A8: 35-39 | C8: 118436.12
A9: 40-44 | C9: 111305.82
A10: 45-49 | C10: 101097.11
A11: Total | B11: =SUM(B4:B10) -> 0 | C11: =SUM(C4:C10) -> 830608.82
A12: Fuente: Cálculo de tasas de mortalidad.xlsx
A15: Notemos que con los calculos hechos en el excel de Cálculo de tasas de mortalidad solo se puede calcular la población a mitad de año para 2019, ya que el año 2019 no fue año censal.

Sheet Nacimientos 2010
A1: Nacimientos registrados
A2: Año de registro : 2010
A3: Ent y mun reside madre : Hidalgo
A5: Consulta de: Nacimientos registrados Por: Edad madre al nacimiento Según: Año de ocurrencia
B7: 2010
A8: Total | B8: 39,591
A9: Menor de 15 años | B9: 151
A10: De 12 años | B10: 3
A11: De 13 años | B11: 16
A12: De 14 años | B12: 132
A13: De 15 a 19 años | B13: 7,465
A14: De 20 a 24 años | B14: 12,179
A15: De 25 a 29 años | B15: 10,023
A16: De 30 a 34 años | B16: 6,219
A17: De 35 a 39 años | B17: 2,751
A18: De 40 a 44 años | B18: 535
A19: De 45 a 49 años | B19: 36
... A21: No especificado | B21: 230
A25: FUENTE: INEGI. Estadísticas de natalidad.

Sheet Nacimientos 2019
A1: Nacimientos registrados
A2: Año de registro : 2019
A3: Ent y mun reside madre : Hidalgo
A5: Consulta de: Nacimientos registrados Por: Edad madre al nacimiento Según: Año de ocurrencia
B7: 2019
A8: Total | B8: 32,481
A9: Menor de 15 años | B9: 97
A10: De 12 años | B10: 2
A11: De 13 años | B11: 13
A12: De 14 años | B12: 82
A13: De 15 a 19 años | B13: 5,427
A14: De 20 a 24 años | B14: 8,896
A15: De 25 a 29 años | B15: 8,843
A16: De 30 a 34 años | B16: 5,628
A17: De 35 a 39 años | B17: 2,676
A18: De 40 a 44 años | B18: 628
A19: De 45 a 49 años | B19: 41
... A21: No especificado | B21: 241
A25: FUENTE: INEGI. Estadísticas de natalidad.

Sheet TGF, TBR y TNR
A1: Hidalgo 2010 | I1: K
I2: =100/205 -> 0.48780488 | N2: =G27-G12 -> -0.38279842
A3: Edad | B3: Punto medio | C3: x | D3: x+n | E3: Nacimientos | F3: Población femenina 30/06/2010 | G3: f(x,5) | H3: % f(x,5) | I3: f(x,5) fem | J3: L(x) fem | K3: m+2,5P0 | L3: m+2,5P0 * f(x,5)fem
A4: 15-19 | B4: 17.5 | C4: 15 | D4: 19 | E4: 7,465 | F4: 136150.81 | G4: =E4/F4 -> 0.054828908 | H4: =G4/$G$11 -> 0.16248161 | I4: =G4*$I$2 -> 0.026745809 | J4: 491427.5 | K4: =J4/(5*100000) -> 0.982855 | L4: =K4*I4 -> 0.026287252
A5: 20-24 | B5: 22.5 | C5: 20 | D5: 24 | E5: 12,179 | F5: 120933.49 | G5: =E5/F5 -> 0.10070825 | H5: =G5/$G$11 -> 0.2984418 | I5: =G5*$I$2 -> 0.049125975 | J5: 490150.53 | K5: =J5/(5*100000) -> 0.98030106 | L5: =K5*I5 -> 0.048158245
A6: 25-29 | B6: 27.5 | C6: 25 | D6: 29 | E6: 10,023 | F6: 110160.05 | G6: =E6/F6 -> 0.090985799 | H6: =G6/$G$11 -> 0.26963001 | I6: =G6*$I$2 -> 0.044383317 | J6: 488914.48 | K6: =J6/(5*100000) -> 0.97782896 | L6: =K6*I6 -> 0.043399292
A7: 30-34 | B7: 32.5 | C7: 30 | D7: 34 | E7: 6,219 | F7: 107680.47 | G7: =E7/F7 -> 0.057754206 | H7: =G7/$G$11 -> 0.17115052 | I7: =G7*$I$2 -> 0.028172783 | J7: 487118.46 | K7: =J7/(5*100000) -> 0.97423692 | L7: =K7*I7 -> 0.027446966
A8: 35-39 | B8: 37.5 | C8: 35 | D8: 39 | E8: 2,751 | F8: 103526.31 | G8: =E8/F8 -> 0.026572956 | H8: =G8/$G$11 -> 0.078747083 | I8: =G8*$I$2 -> 0.012962418 | J8: 484955.76 | K8: =J8/(5*100000) -> 0.96991152 | L8: =K8*I8 -> 0.012572398
A9: 40-44 | B9: 42.5 | C9: 40 | D9: 44 | E9: 535 | F9: 87447.524 | G9: =E9/F9 -> 0.0061179548 | H9: =G9/$G$11 -> 0.018130128 | I9: =G9*$I$2 -> 0.0029843682 | J9: 482043.42 | K9: =J9/(5*100000) -> 0.96408684 | L9: =K9*I9 -> 0.0028771901
A10: 45-49 | B10: 47.5 | C10: 45 | D10: 49 | E10: 36 | F10: 75189.752 | G10: =E10/F10 -> 0.00047878865 | H10: =G10/$G$11 -> 0.0014188564 | I10: =G10*$I$2 -> 0.00023355544 | J10: 476930.13 | K10: =J10/(5*100000) -> 0.95386026 | L10: =K10*I10 -> 0.00022277925
A11: Total | G11: =SUM(G4:G10) -> 0.33744686 | L11: =SUM(L4:L10) -> 0.16096412
F12: TGF | G12: =SUM(G4:G10)*5 -> 1.6872343
F13: TBR | I13: =G12*I2 -> 0.82304112 | K13: TBR (K obs)
F14: TNR | L14: =L11*5 -> 0.80482061
A16: Hidalgo 2019
A18: Edad | B18: Punto medio | C18: x | D18: x+n | E18: Nacimientos | F18: Población femenina 30/06/2019 | G18: f(x,5) | H18: % f(x,5) | I18: f(x,5) fem | J18: L(x) fem | K18: m+2,5P0 | L18: m+2,5P0 * f(x,5)fem
A19: 15-19 | B19: 17.5 | C19: 15 | D19: 19 | E19: 5,427 | F19: 135284.5 | G19: =E19/F19 -> 0.040115459 | H19: =G19/$G$26 -> 0.15376555 | I19: =G19*$I$2 -> 0.019568517 | J19: 493033.97 | K19: =J19/(5*100000) -> 0.98606794 | L19: =K19*I19 -> 0.019295887
A20: 20-24 | B20: 22.5 | C20: 20 | D20: 24 | E20: 8,896 | F20: 121986.16 | G20: =E20/F20 -> 0.072926306 | H20: =G20/$G$26 -> 0.27953197 | I20: =G20*$I$2 -> 0.035573808 | J20: 491914.02 | K20: =J20/(5*100000) -> 0.98382804 | L20: =K20*I20 -> 0.034998509 | O20: Hidalgo 2019 | P20: Hidalgo 2010
A21: 25-29 | B21: 27.5 | C21: 25 | D21: 29 | E21: 8,843 | F21: 121932.68 | G21: =E21/F21 -> 0.072523624 | H21: =G21/$G$26 -> 0.27798846 | I21: =G21*$I$2 -> 0.035377377 | J21: 490544.63 | K21: =J21/(5*100000) -> 0.98108926 | L21: =K21*I21 -> 0.034708365 | N21: =F28 -> TBR | O21: =I28 -> 0.63631018 | P21: =I13 -> 0.82304112
A22: 30-34 | B22: 32.5 | C22: 30 | D22: 34 | E22: 5,628 | F22: 120566.42 | G22: =E22/F22 -> 0.046679665 | H22: =G22/$G$26 -> 0.17892664 | I22: =G22*$I$2 -> 0.022770568 | J22: 488786.61 | K22: =J22/(5*100000) -> 0.97757322 | L22: =K22*I22 -> 0.022259898 | N22: =F29 -> TNR | O22: =L29 -> 0.62414977 | P22: =L14 -> 0.80482061
A23: 35-39 | B23: 37.5 | C23: 35 | D23: 39 | E23: 2,676 | F23: 118436.12 | G23: =E23/F23 -> 0.022594459 | H23: =G23/$G$26 -> 0.086606245 | I23: =G23*$I$2 -> 0.011021687 | J23: 486346.51 | K23: =J23/(5*100000) -> 0.97269302 | L23: =K23*I23 -> 0.010720718 | N23: diff | O23: =O21-O22 -> 0.012160418 | P23: =P21-P22 -> 0.018220511
A24: 40-44 | B24: 42.5 | C24: 40 | D24: 44 | E24: 628 | F24: 111305.82 | G24: =E24/F24 -> 0.0056421126 | H24: =G24/$G$26 -> 0.021626639 | I24: =G24*$I$2 -> 0.0027522501 | J24: 482824.8 | K24: =J24/(5*100000) -> 0.9656496 | L24: =K24*I24 -> 0.0026577092
A25: 45-49 | B25: 47.5 | C25: 45 | D25: 49 | E25: 41 | F25: 101097.11 | G25: =E25/F25 -> 0.00040555066 | H25: =G25/$G$26 -> 0.0015545059 | I25: =G25*$I$2 -> 0.00019782959 | J25: 477346.88 | K25: =J25/(5*100000) -> 0.95469376 | L25: =K25*I25 -> 0.00018886667
A26: Total | G26: =SUM(G19:G25) -> 0.26088718 | L26: =SUM(L19:L25) -> 0.12482995
F27: TGF | G27: =SUM(G19:G25)*5 -> 1.3044359
F28: TBR | I28: =G27*I2 -> 0.63631018 | K28: TBR (K obs)
F29: TNR | L29: =L26*5 -> 0.62414977

Sheet Sheet1
B2: TNR
B3: Edad | C3: f(x,5) | E3: nLx | G3: nLx / (5*lo) | I3: f(x,5) * (nLx / (5*lo))
C4: Panamá | D4: Brasil | E4: Panamá | F4: Brasil | G4: Panamá | H4: Brasil | I4: Panamá | J4: Brasil
B5: 15-19 | C5: ='TGF, TBR y TNR'!G19 -> 0.040115459 | D5: ='TGF, TBR y TNR'!G4 -> 0.054828908 | E5: ='TGF, TBR y TNR'!J19 -> 493033.97 | F5: ='TGF, TBR y TNR'!J4 -> 491427.5 | G5: ='TGF, TBR y TNR'!K19 -> 0.98606794 | H5: ='TGF, TBR y TNR'!K4 -> 0.982855 | I5: ='TGF, TBR y TNR'!L19 -> 0.019295887 | J5: ='TGF, TBR y TNR'!L4 -> 0.026287252
B6: 20-24 | C6: ='TGF, TBR y TNR'!G20 -> 0.072926306 | D6: ='TGF, TBR y TNR'!G5 -> 0.10070825 | E6: ='TGF, TBR y TNR'!J20 -> 491914.02 | F6: ='TGF, TBR y TNR'!J5 -> 490150.53 | G6: ='TGF, TBR y TNR'!K20 -> 0.98382804 | H6: ='TGF, TBR y TNR'!K5 -> 0.98030106 | I6: ='TGF, TBR y TNR'!L20 -> 0.034998509 | J6: ='TGF, TBR y TNR'!L5 -> 0.048158245
B7: 25-29 | C7: ='TGF, TBR y TNR'!G21 -> 0.072523624 | D7: ='TGF, TBR y TNR'!G6 -> 0.090985799 | E7: ='TGF, TBR y TNR'!J21 -> 490544.63 | F7: ='TGF, TBR y TNR'!J6 -> 488914.48 | G7: ='TGF, TBR y TNR'!K21 -> 0.98108926 | H7: ='TGF, TBR y TNR'!K6 -> 0.97782896 | I7: ='TGF, TBR y TNR'!L21 -> 0.034708365 | J7: ='TGF, TBR y TNR'!L6 -> 0.043399292
B8: 30-34 | C8: ='TGF, TBR y TNR'!G22 -> 0.046679665 | D8: ='TGF, TBR y TNR'!G7 -> 0.057754206 | E8: ='TGF, TBR y TNR'!J22 -> 488786.61 | F8: ='TGF, TBR y TNR'!J7 -> 487118.46 | G8: ='TGF, TBR y TNR'!K22 -> 0.97757322 | H8: ='TGF, TBR y TNR'!K7 -> 0.97423692 | I8: ='TGF, TBR y TNR'!L22 -> 0.022259898 | J8: ='TGF, TBR y TNR'!L7 -> 0.027446966
B9: 35-39 | C9: ='TGF, TBR y TNR'!G23 -> 0.022594459 | D9: ='TGF, TBR y TNR'!G8 -> 0.026572956 | E9: ='TGF, TBR y TNR'!J23 -> 486346.51 | F9: ='TGF, TBR y TNR'!J8 -> 484955.76 | G9: ='TGF, TBR y TNR'!K23 -> 0.97269302 | H9: ='TGF, TBR y TNR'!K8 -> 0.96991152 | I9: ='TGF, TBR y TNR'!L23 -> 0.010720718 | J9: ='TGF, TBR y TNR'!L8 -> 0.012572398
B10: 40-44 | C10: ='TGF, TBR y TNR'!G24 -> 0.0056421126 | D10: ='TGF, TBR y TNR'!G9 -> 0.0061179548 | E10: ='TGF, TBR y TNR'!J24 -> 482824.8 | F10: ='TGF, TBR y TNR'!J9 -> 482043.42 | G10: ='TGF, TBR y TNR'!K24 -> 0.9656496 | H10: ='TGF, TBR y TNR'!K9 -> 0.96408684 | I10: ='TGF, TBR y TNR'!L24 -> 0.0026577092 | J10: ='TGF, TBR y TNR'!L9 -> 0.0028771901
B11: 45-49 | C11: ='TGF, TBR y TNR'!G25 -> 0.00040555066 | D11: ='TGF, TBR y TNR'!G10 -> 0.00047878865 | E11: ='TGF, TBR y TNR'!J25 -> 477346.88 | F11: ='TGF, TBR y TNR'!J10 -> 476930.13 | G11: ='TGF, TBR y TNR'!K25 -> 0.95469376 | H11: ='TGF, TBR y TNR'!K10 -> 0.95386026 | I11: ='TGF, TBR y TNR'!L25 -> 0.00018886667 | J11: ='TGF, TBR y TNR'!L10 -> 0.00022277925
H12: K | I12: =J12 -> 0.48780488 | J12: ='TGF, TBR y TNR'!I2 -> 0.48780488
H13: TNR | I13: ='TGF, TBR y TNR'!L29 -> 0.62414977 | J13: ='TGF, TBR y TNR'!L14 -> 0.80482061
